,teams,1_star,X_star,2_star,under_star,goals_star,over_star
0,Utakmica,1,X,2,,2.5,i
1,Cameroon  Serbia,4.10,3.20,2.00,1.54,2.5,2.50
2,South Korea  Ghana,2.60,3.05,2.90,1.52,2.5,2.55
3,Brazil  Switzerland,1.46,4.25,7.25,1.94,2.5,1.87
4,Portugal  Uruguay,2.08,3.30,3.65,1.68,2.5,2.20
5,Japan  Costa Rica,2.01,3.20,4.05,1.55,2.5,2.45
6,Belgium  Morocco,1.48,4.20,6.75,1.94,2.5,1.87
7,Croatia  Canada,1.81,3.55,4.50,1.78,2.5,2.05
8,Spain  Germany,2.50,3.40,2.75,1.91,2.5,1.90
9,Tunisia  Australia,2.75,3.00,2.75,1.52,2.5,2.55
10,Poland  Saudi Arabia,1.77,3.60,4.70,1.79,2.5,2.03
11,France  Denmark,1.95,3.35,4.05,1.69,2.5,2.19
12,Argentina  Mexico,1.64,3.65,5.70,1.70,2.5,2.16
13,Wales  Iran,2.26,3.15,3.40,1.59,2.5,2.35
14,Utakmica,1,X,2,,2.5,i
15,Marseille  Sporting L.,2.14,3.55,3.25,1.88,2.5,1.93
16,Bayern München  Plzen,1.06,11.5,24.5,0,2.5,1.20
17,Club Brugge  Atl. Madrid,3.60,3.50,2.03,1.78,2.5,2.05
18,Ajax  Napoli,2.05,3.95,3.20,2.45,2.5,1.56
19,Eintracht F.  Tottenham,3.65,3.70,1.96,1.99,2.5,1.83
20,Inter  Barcelona,4.25,4.00,1.74,2.21,2.5,1.68
21,Liverpool  Glasgow Rangers,1.14,8.25,17.0,5,2.5,1.33
22,Porto  B. Leverkusen,2.09,3.65,3.30,2.02,2.5,1.80
23,Salzburg  Dinamo Zagreb,1.64,4.05,5.00,2.03,2.5,1.79
24,Leipzig RB  Celtic,1.55,4.35,5.55,2.22,2.5,1.67
25,Real Madrid  Shakhtar,1.18,7.25,13.8,5,2.5,1.38
26,Benfica  PSG,4.30,4.30,1.68,2.65,2.5,1.49
27,Chelsea  Milan,1.69,3.90,4.75,1.97,2.5,1.84
28,Utakmica,1,X,2,,2.5,i
29,Monaco  Trabzonspor,1.58,4.15,5.45,2.16,2.5,1.70
30,Helsinki  Ludogorets,3.80,3.55,1.95,1.88,2.5,1.93
31,Zurich  PSV,5.30,4.20,1.58,2.25,2.5,1.64
32,Omonia Nicosia  Manchester Utd,12.5,6.00,1.23,2.40,2.5,1.59
33,Malmo FF  Union Berlin,3.80,3.50,1.96,1.85,2.5,1.96
34,Sheriff T.  Real Sociedad,6.00,4.05,1.55,1.93,2.5,1.88
35,Sturm Graz  Lazio,4.80,3.90,1.69,2.04,2.5,1.78
36,Crvena Zvezda  Ferencvaros,1.88,3.70,3.90,2.00,2.5,1.82
37,Fenerbahçe  AEK Larnaca,1.37,4.80,8.00,2.17,2.5,1.70
38,Olympiakos  Qarabag,1.80,3.70,4.30,1.94,2.5,1.87
39,Rennes  Dynamo Kyiv,1.48,4.30,6.50,2.01,2.5,1.81
40,Midtjylland  Feyenoord,3.10,3.75,2.15,2.30,2.5,1.63
41,Braga  Union St. Gilloise,1.80,3.60,4.45,1.80,2.5,2.03
42,Utakmica,1,X,2,,2.5,i
43,Sivasspor  KF Ballkani,1.42,4.35,6.75,2.06,2.5,1.71
44,Silkeborg  FCSB,1.82,3.55,4.05,1.86,2.5,1.88
45,FC Slovacko  Nice,3.80,3.55,1.88,1.89,2.5,1.85
46,Anderlecht  West Ham Utd,3.50,3.55,1.96,1.95,2.5,1.80
47,Lech P.  Hapoel B. Sheva,1.90,3.55,3.70,1.93,2.5,1.82
48,Pyunik Yerevan  Zalgiris V.,2.50,3.15,2.80,1.62,2.5,2.21
49,Molde  Shamrock,1.29,5.15,9.25,2.24,2.5,1.60
50,Dnipro-1  Vaduz,1.79,3.55,4.20,1.85,2.5,1.89
51,AZ Alkmaar  Apollon Limassol,1.37,4.75,7.75,2.23,2.5,1.66
52,Basel  Slovan Bratislava,1.56,4.00,5.30,2.05,2.5,1.72
53,Gent  Djurgarden,1.74,3.60,4.40,1.85,2.5,1.89
54,Villarreal  Austria W.,1.17,6.50,14.0,5,2.5,1.48
55,Rigas Futbola skola  Ist. Basaksehir,5.45,3.90,1.57,1.92,2.5,1.82
56,Utakmica,1,X,2,,2.5,i
57,Bayern München (W)  Real Sociedad (W),1.19,5.85,11.0,0,2.5,1.44
58,Utakmica,1,X,2,,2.5,i
59,Flamengo  Atletico PR,1.55,3.95,6.00,1.82,2.5,2.00
60,Utakmica,1,X,2,,2.5,i
61,Arsenal  Tottenham,2.10,3.70,3.50,2.17,2.5,1.70
62,Southampton  Everton,2.20,3.40,3.50,1.82,2.5,2.00
63,Bournemouth  Brentford,3.35,3.40,2.25,1.82,2.5,2.00
64,Fulham  Newcastle,3.05,3.45,2.40,1.91,2.5,1.90
65,Liverpool  Brighton,1.37,5.00,8.50,2.35,2.5,1.60
66,Crystal Palace  Chelsea,4.20,3.55,1.90,1.82,2.5,2.00
67,West Ham Utd  Wolverhampton,2.00,3.40,4.10,1.74,2.5,2.11
68,Manchester City  Manchester Utd,1.40,5.30,8.00,2.75,2.5,1.45
69,Leeds Utd  Aston Villa,2.35,3.50,3.00,2.02,2.5,1.80
70,Leicester  Nottingham Forest,1.80,3.95,4.50,2.24,2.5,1.66
71,Utakmica,1,X,2,,2.5,i
72,Hull  Luton,3.00,3.20,2.40,1.75,2.5,2.10
73,Reading  Huddersfield,2.19,3.15,3.45,1.66,2.5,2.24
74,Bristol City  Queen's Park R.,2.25,3.40,3.10,1.96,2.5,1.85
75,Cardiff City  Burnley,3.05,3.15,2.35,1.70,2.5,2.16
76,Coventry  Middlesbrough,3.05,3.25,2.40,1.88,2.5,1.93
77,Sheffield Utd  Birmingham,1.45,4.20,7.00,2.00,2.5,1.82
78,Sunderland  Preston,2.20,3.20,3.45,1.69,2.5,2.18
79,West Bromwich  Swansea,1.80,3.55,4.35,1.89,2.5,1.92
80,Blackpool  Norwich,3.95,3.45,1.90,1.91,2.5,1.90
81,Blackburn  Millwall,2.25,3.15,3.40,1.66,2.5,2.24
82,Rotherham  Wigan,2.30,3.15,3.25,1.67,2.5,2.21
83,Stoke  Watford,2.45,3.15,2.95,1.70,2.5,2.17
84,Utakmica,1,X,2,,2.5,i
85,Exeter  Bristol Rovers,1.58,3.95,5.55,2.09,2.5,1.75
86,Accrington  Morecambe,1.68,3.70,4.95,1.95,2.5,1.86
87,Burton  Forest Green,1.83,3.50,4.30,1.88,2.5,1.93
88,Bolton  Lincoln City,1.64,3.70,5.35,1.86,2.5,1.95
89,Cambridge Utd  Derby County,3.45,3.25,2.12,1.78,2.5,2.05
90,Cheltenham Town  Shrewsbury,2.75,3.05,2.70,1.61,2.5,2.30
91,Charlton  Oxford Utd,2.19,3.30,3.25,1.87,2.5,1.94
92,Fleetwood Town  Barnsley,3.15,3.20,2.30,1.75,2.5,2.10
93,Ipswich  Portsmouth,1.85,3.45,4.15,1.88,2.5,1.93
94,Milton Keynes  Peterborough,3.20,3.30,2.21,1.83,2.5,1.99
95,Port Vale  Sheffield Wed.,3.75,3.30,2.00,1.78,2.5,2.05
96,Wycombe  Plymouth,2.65,3.35,2.55,1.95,2.5,1.86
97,Utakmica,1,X,2,,2.5,i
98,Mansfield  Hartlepool,1.41,4.30,8.00,1.92,2.5,1.89
99,Harrogate Town  Bradford,3.35,3.35,2.12,1.83,2.5,1.98
100,Carlisle  Crewe,1.98,3.30,3.85,1.74,2.5,2.10
101,Crawley Town  Stevenage,4.25,3.35,1.87,1.73,2.5,2.11
102,Leyton Orient  Newport County,1.80,3.40,4.65,1.69,2.5,2.19
103,Gillingham  Sutton Utd,3.15,3.10,2.35,1.62,2.5,2.30
104,Rochdale  Doncaster,2.30,3.25,3.10,1.80,2.5,2.02
105,Salford City  Grimsby,2.03,3.30,3.70,1.73,2.5,2.12
106,Stockport  Walsall,1.93,3.30,4.05,1.71,2.5,2.15
107,Swindon  Northampton,2.45,3.20,2.90,1.73,2.5,2.12
108,Tranmere  Barrow,2.65,3.00,2.80,1.57,2.5,2.45
109,AFC Wimbledon  Colchester,2.17,3.20,3.40,1.69,2.5,2.18
110,Utakmica,1,X,2,,2.5,i
111,Barnet  York,2.30,3.35,2.85,1.89,2.5,1.82
112,Aldershot  Wealdstone,2.22,3.35,2.95,1.90,2.5,1.80
113,Chesterfield  Maidenhead Utd,1.39,4.30,7.25,1.99,2.5,1.74
114,Notts County  Altrincham,1.39,4.45,7.00,2.15,2.5,1.63
115,Dorking Wanderers  Dag & Red,2.35,3.55,2.60,2.26,2.5,1.57
116,Halifax  Woking,2.75,3.20,2.45,1.71,2.5,2.02
117,Gateshead  Eastleigh,1.97,3.40,3.50,1.83,2.5,1.87
118,Torquay  Scunthorpe,2.30,3.35,2.85,1.87,2.5,1.84
119,Southend  Yeovil,1.83,3.35,4.15,1.67,2.5,2.08
120,Oldham  Wrexham,5.40,4.15,1.51,2.22,2.5,1.59
121,Solihull Moors  Bromley,1.87,3.55,3.70,1.98,2.5,1.74
122,Boreham Wood  Maidstone Utd,1.91,3.40,3.75,1.79,2.5,1.92
123,Utakmica,1,X,2,,2.5,i
124,Everton (W)  Leicester (W),1.36,4.55,6.50,2.19,2.5,1.56
125,Utakmica,1,X,2,,2.5,i
126,Athletic Bilbao  Almeria,1.42,4.50,8.25,2.10,2.5,1.78
127,Cadiz  Villarreal,5.95,3.75,1.65,1.82,2.5,2.00
128,Getafe  Valladolid,2.35,3.00,3.40,1.56,2.5,2.50
129,Sevilla  Atl. Madrid,3.05,3.05,2.55,1.67,2.5,2.30
130,Mallorca  Barcelona,8.50,4.75,1.38,2.35,2.5,1.65
131,Espanyol  Valencia,2.70,3.20,2.75,1.80,2.5,2.05
132,Celta  Betis,2.53,3.25,2.90,1.82,2.5,2.00
133,Girona  Real Sociedad,3.30,3.15,2.37,1.70,2.5,2.25
134,Real Madrid  Osasuna,1.36,5.05,9.25,2.35,2.5,1.61
135,Rayo Vallecano  Elche,1.77,3.50,5.20,1.76,2.5,2.10
136,Utakmica,1,X,2,,2.5,i
137,Tenerife  Sporting Gijon,2.30,2.85,3.40,1.45,2.5,2.65
138,Utakmica,1,X,2,,2.5,i
139,Angers  Marseille,4.15,3.65,1.85,2.09,2.5,1.75
140,Strasbourg  Rennes,3.05,3.30,2.35,1.91,2.5,1.90
141,PSG  Nice,1.18,7.25,16.3,5,2.5,1.35
142,Lorient  Lille,2.90,3.40,2.45,2.05,2.5,1.78
143,Toulouse  Montpellier,2.00,3.55,3.75,2.11,2.5,1.73
144,Ajaccio  Clermont,2.25,3.05,3.50,1.56,2.5,2.45
145,Troyes  Reims,2.45,3.35,2.95,1.93,2.5,1.92
146,Auxerre  Brest,2.75,3.40,2.50,2.02,2.5,1.81
147,Monaco  Nantes,1.57,4.10,5.65,2.25,2.5,1.65
148,Lens  Lyon,2.45,3.60,2.70,2.40,2.5,1.58
149,Utakmica,1,X,2,,2.5,i
150,St. Etienne  Grenoble Foot,1.95,3.25,4.00,1.68,2.5,2.10
151,Niort  Guingamp,3.35,3.15,2.21,1.70,2.5,2.17
152,Annecy  Bastia,2.75,2.90,2.70,1.50,2.5,2.50
153,Rodez Aveyron  Amiens,2.90,2.95,2.55,1.52,2.5,2.40
154,Nimes  Paris FC,3.25,3.20,2.23,1.74,2.5,2.11
155,Dijon  Le Havre,2.75,3.05,2.60,1.62,2.5,2.21
156,Metz  Pau,1.57,3.70,6.25,1.76,2.5,2.08
157,Valenciennes  Sochaux,3.40,3.00,2.23,1.52,2.5,2.45
158,Caen  Quevilly Rouen,1.75,3.40,5.15,1.64,2.5,2.18
159,Laval  Bordeaux,3.25,3.20,2.26,1.73,2.5,2.12
160,Utakmica,1,X,2,,2.5,i
161,Le Puy  Red Star 93,3.25,3.10,2.14,1.64,2.5,2.09
162,Martigues  Paris 13 Atletico,1.95,3.15,3.75,1.59,2.5,2.16
163,Orleans  Villefranche,2.18,3.15,3.30,1.65,2.5,2.16
164,Nancy  Cholet,1.72,3.50,4.30,1.85,2.5,1.82
165,Bourg Péronnas  Sedan,1.65,3.55,4.80,1.78,2.5,1.89
166,Bastia-Borgo  Versailles,3.25,3.25,2.18,1.74,2.5,2.02
167,Le Mans  Avranches,1.91,3.35,3.75,1.79,2.5,1.92
168,Utakmica,1,X,2,,2.5,i
169,Bayern München  B. Leverkusen,1.40,5.35,7.50,3.60,2.5,1.30
170,Freiburg  Mainz,2.15,3.45,3.55,1.86,2.5,1.95
171,FC Köln  B. Dortmund,3.50,3.80,2.07,2.30,2.5,1.65
172,Wolfsburg  Stuttgart,2.40,3.50,2.95,1.97,2.5,1.88
173,Leipzig RB  Bochum,1.27,5.90,10.5,2.75,2.5,1.45
174,Eintracht F.  Union Berlin,2.35,3.40,3.25,1.86,2.5,2.00
175,Werder Bremen  Monchengladbach,2.65,3.75,2.55,2.50,2.5,1.55
176,Hertha  Hoffenheim,2.85,3.70,2.45,2.30,2.5,1.65
177,Schalke 04  Augsburg,2.05,3.60,3.65,2.00,2.5,1.82
178,Utakmica,1,X,2,,2.5,i
179,Paderborn 07  Darmstadt,2.35,3.70,2.70,2.60,2.5,1.50
180,Hannover  Hamburger,3.25,3.65,2.10,2.30,2.5,1.63
181,F. Düsseldorf  A. Bielefeld,1.82,3.70,4.05,2.16,2.5,1.70
182,Holstein Kiel  Hansa,2.10,3.50,3.30,2.09,2.5,1.75
183,Greuther Fürth  Sandhausen,1.95,3.55,3.80,2.04,2.5,1.79
184,St. Pauli  Heidenheim,2.20,3.50,3.10,2.13,2.5,1.72
185,Magdeburg  Jahn Regensburg,2.05,3.65,3.50,2.30,2.5,1.62
186,Kaiserslautern  Braunschweig,1.86,3.60,3.95,2.07,2.5,1.76
187,Karlsruher  Nurnberg,2.30,3.45,3.10,2.10,2.5,1.74
188,Utakmica,1,X,2,,2.5,i
189,Aue  Meppen,2.01,3.55,3.35,1.99,2.5,1.77
190,Elversberg  Verl,1.49,4.35,5.65,2.35,2.5,1.54
191,Bayreuth  Dynamo Dresden,4.50,3.85,1.68,2.08,2.5,1.70
192,B. Dortmund II  Munchen 1860,3.25,3.50,2.07,2.07,2.5,1.70
193,Saarbrucken  Freiburg II,1.82,3.60,4.00,1.94,2.5,1.81
194,Osnabruck  Waldhof Mannheim,2.24,3.40,2.95,1.91,2.5,1.83
195,Duisburg  Hallescher,1.88,3.65,3.65,2.07,2.5,1.71
196,Viktoria Köln  VfB Oldenburg,2.17,3.50,3.00,2.04,2.5,1.73
197,Wehen  Essen,1.73,3.65,4.05,2.00,2.5,1.70
198,Ingolstadt 04  Zwickau,1.80,3.65,4.05,1.95,2.5,1.80
199,Utakmica,1,X,2,,2.5,i
200,VfL Oldenburg  Luneburger Hansa,1.42,4.25,4.85,.30,2.5,1.75
201,Bersenbruck  Spelle-Venhaus,2.07,3.50,2.65,.41,2.5,2.02
202,Utakmica,1,X,2,,2.5,i
203,Napoli  Torino,1.67,3.85,5.55,2.06,2.5,1.83
204,Inter  Roma,2.10,3.45,3.65,2.01,2.5,1.85
205,Empoli  Milan,5.50,3.80,1.68,1.97,2.5,1.85
206,Lazio  Spezia,1.42,4.70,8.00,2.30,2.5,1.66
207,Sampdoria  Monza,2.35,3.30,3.10,1.90,2.5,1.96
208,Sassuolo  Salernitana,2.07,3.70,3.60,2.25,2.5,1.68
209,Lecce  Cremonese,2.13,3.40,3.60,1.85,2.5,2.00
210,Atalanta  Fiorentina,2.03,3.45,3.85,1.95,2.5,1.92
211,Juventus  Bologna,1.57,4.05,6.50,2.02,2.5,1.87
212,Verona  Udinese,3.20,3.40,2.35,2.02,2.5,1.80
213,Utakmica,1,X,2,,2.5,i
214,Cosenza  Como,2.55,3.00,2.80,1.69,2.5,2.10
215,Bari  Brescia,2.30,3.10,3.15,1.75,2.5,2.00
216,Parma  Frosinone,2.16,3.15,3.35,1.77,2.5,1.98
217,Modena  Reggina,2.50,3.05,2.85,1.69,2.5,2.08
218,Palermo  Sudtirol,1.90,3.20,4.20,1.70,2.5,2.08
219,SPAL  Genoa,3.60,3.15,2.07,1.77,2.5,1.98
220,Cittadella  Ternana,2.15,3.15,3.40,1.80,2.5,1.96
221,Cagliari  Venezia,1.82,3.30,4.45,1.76,2.5,2.05
222,Perugia  Pisa,2.15,3.05,3.55,1.63,2.5,2.20
223,Benevento  Ascoli Picchio,2.00,3.10,3.90,1.68,2.5,2.11
224,Utakmica,1,X,2,,2.5,i
225,Cambuur  PSV,8.50,5.50,1.30,3.05,2.5,1.38
226,Groningen  AZ Alkmaar,4.80,3.70,1.75,1.93,2.5,1.88
227,Ajax  Go Ahead Eagles,1.10,8.50,17.0,5,2.5,1.21
228,Twente  Vitesse,1.73,3.80,4.55,2.11,2.5,1.74
229,Fortuna Sittard  Volendam,1.78,4.10,4.15,2.65,2.5,1.48
230,Excelsior  Utrecht,4.40,4.10,1.70,2.55,2.5,1.52
231,NEC Nijmegen  Feyenoord,5.20,4.20,1.60,2.35,2.5,1.61
232,RKC Waalwijk  Sparta Rotterdam,2.25,3.40,3.25,1.91,2.5,1.95
233,Emmen  Heerenveen,2.95,3.35,2.47,1.88,2.5,1.93
234,Utakmica,1,X,2,,2.5,i
235,De Graafschap  Jong AZ Alkmaar,1.52,4.05,5.70,2.35,2.5,1.55
236,Den Haag  Jong PSV,1.95,3.50,3.60,2.22,2.5,1.61
237,Den Bosch  Heracles Almelo,4.90,3.75,1.65,2.15,2.5,1.65
238,Helmond Sport  FC Oss,2.12,3.30,3.30,2.00,2.5,1.75
239,MVV  Willem II,5.45,3.95,1.56,2.24,2.5,1.60
240,NAC Breda  VVV-Venlo,1.78,3.65,4.15,2.30,2.5,1.57
241,Eindhoven  Dordrecht,1.45,4.25,6.50,2.30,2.5,1.58
242,PEC Zwolle  Jong Ajax,1.52,4.35,5.25,3.00,2.5,1.36
243,Almere City  Roda,2.45,3.30,2.75,2.04,2.5,1.72
244,Telstar  Jong Utrecht,1.88,3.45,3.90,2.07,2.5,1.70
245,Utakmica,1,X,2,,2.5,i
246,Standard  Seraing,1.58,3.95,5.50,2.09,2.5,1.75
247,Oud Heverlee  Union St. Gilloise,4.55,3.85,1.70,2.21,2.5,1.68
248,Oostende  Genk,3.95,3.85,1.81,2.40,2.5,1.57
249,Westerlo  Zulte-Waregem,1.60,3.95,5.25,2.15,2.5,1.71
250,Club Brugge  Mechelen,1.48,4.40,6.00,2.45,2.5,1.55
251,Anderlecht  Charleroi,1.60,4.00,5.20,2.22,2.5,1.67
252,Gent  Cercle Brugge,1.62,3.75,5.45,1.92,2.5,1.89
253,Kortrijk  Antwerp,4.70,3.65,1.72,1.97,2.5,1.84
254,St. Truiden  Eupen,1.75,3.50,4.75,1.81,2.5,2.01
255,Utakmica,1,X,2,,2.5,i
256,Genk U23  Dender,1.87,3.50,3.85,2.03,2.5,1.73
257,Excelsior Virton  Club Brugge U23,2.22,3.45,3.00,2.01,2.5,1.75
258,Lommel  RWD Molenbeek,2.60,3.40,2.45,1.97,2.5,1.75
259,Beerschot Wilrijk  Deinze,1.91,3.60,3.50,2.13,2.5,1.64
260,Waasland-Beveren  Lierse,2.14,3.60,2.90,2.35,2.5,1.54
261,Standard Liege U23  Anderlecht U23,2.75,3.50,2.30,2.17,2.5,1.61
262,Utakmica,1,X,2,,2.5,i
263,Sporting L.  Gil Vicente,1.31,4.95,9.75,2.25,2.5,1.65
264,Porto  Braga,1.75,3.70,4.60,2.12,2.5,1.73
265,Vizela  Portimonense,2.21,3.15,3.50,1.71,2.5,2.16
266,Chaves  Estoril,2.35,3.10,3.25,1.68,2.5,2.19
267,Guimaraes  Benfica,8.00,4.40,1.42,2.10,2.5,1.74
268,Rio Ave  Santa Clara,2.50,3.00,3.10,1.62,2.5,2.30
269,P. Ferreira  Arouca,2.35,3.10,3.30,1.67,2.5,2.22
270,Famalicao  Boavista,2.30,3.05,3.40,1.64,2.5,2.30
271,Maritimo  Casa Pia,2.85,3.10,2.60,1.63,2.5,2.30
272,Utakmica,1,X,2,,2.5,i
273,A. Lustenau  Wolfsberger AC,3.30,3.60,2.05,2.25,2.5,1.65
274,WSG Swarowski Tirol  Rapid Wien,2.90,3.50,2.35,2.17,2.5,1.70
275,Salzburg  LASK Linz,1.55,4.20,5.45,2.40,2.5,1.57
276,Hartberg  Austria Klagenfurt,2.85,3.50,2.40,2.16,2.5,1.70
277,Ried  Altach,1.95,3.45,3.80,1.91,2.5,1.90
278,Austria W.  Sturm Graz,2.70,3.40,2.50,2.02,2.5,1.80
279,Utakmica,1,X,2,,2.5,i
280,First Vienna  Kapfenberg,1.42,4.50,6.25,2.40,2.5,1.50
281,Vorwarts Steyr  Horn,3.10,3.45,2.15,2.10,2.5,1.68
282,Dornbirn  Austria W. II,2.35,3.60,2.60,2.30,2.5,1.55
283,St. Polten  Amstetten,2.05,3.55,3.35,2.09,2.5,1.75
284,Grazer AK  Sturm Graz Am.,2.19,3.45,3.10,2.16,2.5,1.71
285,Admira  Liefering,1.79,3.75,4.00,2.16,2.5,1.65
286,Rapid Am.  Lafnitz,2.90,3.55,2.25,2.21,2.5,1.67
287,Floridsdorfer AC  Blau Weis Linz,3.35,3.40,2.05,1.98,2.5,1.77
288,Utakmica,1,X,2,,2.5,i
289,Deutschlandsberger  Bad Gleichenberg,1.95,3.85,3.00,2.55,2.5,1.42
290,SAK Klagenfurt  Union Gurten,6.25,4.65,1.32,2.45,2.5,1.43
291,Kalsdorf  Treibach Al.,2.14,3.75,2.55,2.60,2.5,1.38
292,Weiz  Gleisdorf,3.35,3.65,1.87,2.20,2.5,1.55
293,Un. Vocklamarkt  WSC Herta Wels,5.95,4.65,1.38,2.60,2.5,1.40
294,Utakmica,1,X,2,,2.5,i
295,Drassburg  Kremser SC,1.94,3.60,2.80,2.35,2.5,1.46
296,Traiskirchen  ASK Elektra,2.75,3.50,2.20,2.24,2.5,1.53
297,Wiener SK  Mauerwerk,1.59,3.90,4.15,2.22,2.5,1.51
298,Neusiedl  Wiener Viktoria,2.04,3.50,3.05,2.17,2.5,1.57
299,SC Wiener Neustadter  Marchfeld,4.00,3.80,1.57,2.25,2.5,1.50
300,Utakmica,1,X,2,,2.5,i
301,Basel  St. Gallen,2.05,3.70,3.25,2.50,2.5,1.55
302,Grasshoppers  Zurich,2.85,3.55,2.30,2.30,2.5,1.62
303,Sion  Winterthur,1.77,3.70,4.30,2.13,2.5,1.72
304,Lugano  Servette,2.40,3.45,2.75,2.18,2.5,1.69
305,Luzern  Young Boys,3.60,3.75,1.92,2.50,2.5,1.56
306,Utakmica,1,X,2,,2.5,i
307,Yverdon  Aarau,2.65,3.75,2.25,2.55,2.5,1.45
308,Lausanne  Wil,1.65,4.15,4.30,2.55,2.5,1.48
309,Thun  Xamax,1.60,4.00,4.65,2.23,2.5,1.58
310,Vaduz  Lausanne Ouchy,2.25,3.70,2.70,2.40,2.5,1.51
311,Bellinzona  Schaffhausen,2.10,3.45,3.10,1.97,2.5,1.75
312,Utakmica,1,X,2,,2.5,i
313,Kasimpasa  Gaziantep FK,2.26,3.60,2.90,2.30,2.5,1.62
314,Kayserispor  Trabzonspor,3.40,3.50,2.06,2.00,2.5,1.81
315,Ankaraguçu  Ist. Basaksehir,3.95,3.45,1.95,1.86,2.5,1.97
316,Adana Demirspor  Galatasaray,2.65,3.40,2.60,2.13,2.5,1.72
317,Sivasspor  Hatayspor,2.05,3.40,3.55,1.86,2.5,1.95
318,Alanyaspor  Giresunspor,1.95,3.55,3.85,2.00,2.5,1.82
319,Konyaspor  Umraniyespor,1.65,3.85,5.30,2.00,2.5,1.85
320,Besiktas  Fenerbahçe,2.50,3.55,2.70,2.40,2.5,1.58
321,Utakmica,1,X,2,,2.5,i
322,Pendikspor  Goztepe,2.04,3.30,3.50,1.77,2.5,1.98
323,Sakaryaspor  Yeni Malatyaspor,1.75,3.60,4.40,1.94,2.5,1.80
324,Rizespor  Bodrumspor,2.15,3.35,3.20,1.87,2.5,1.87
325,Altay  Eyüpspor,4.10,3.45,1.85,1.80,2.5,1.94
326,Bandırmaspor  Samsunspor,2.45,3.25,2.80,1.80,2.5,1.94
327,Manisa BBSK  Adanaspor AS,1.78,3.55,4.25,1.91,2.5,1.83
328,Boluspor  Tuzlaspor,1.84,3.40,4.15,1.76,2.5,2.00
329,Altinordu  Keciorengucu,2.85,3.25,2.40,1.79,2.5,1.95
330,Erzurum BB  Denizlispor,1.87,3.45,3.90,1.87,2.5,1.87
331,Utakmica,1,X,2,,2.5,i
332,Hearts  Glasgow Rangers,4.50,4.00,1.71,2.30,2.5,1.63
333,St. Mirren  Livingston,2.25,3.15,3.25,1.63,2.5,2.30
334,Aberdeen  Kilmarnock,1.70,3.65,5.15,1.75,2.5,2.09
335,Celtic  Motherwell,1.13,8.00,16.8,5,2.5,1.33
336,Ross County  Hibernian,3.60,3.30,2.07,1.70,2.5,2.16
337,Dundee United  St. Johnstone,2.50,3.05,2.95,1.57,2.5,2.40
338,Utakmica,1,X,2,,2.5,i
339,Ayr United  Inverness CT,2.08,3.45,3.35,1.81,2.5,2.01
340,Hamilton  Dundee FC,3.70,3.50,1.95,1.80,2.5,2.02
341,Partick Thistle  Morton,1.68,3.70,4.95,1.77,2.5,2.06
342,Queen's Park  Raith Rovers,2.35,3.50,2.80,1.96,2.5,1.85
343,Cove Rangers  Arbroath,2.35,3.35,2.95,1.76,2.5,2.07
344,Utakmica,1,X,2,,2.5,i
345,Queen of South  Alloa,2.30,3.55,2.70,2.06,2.5,1.68
346,Falkirk  Clyde,1.64,3.90,4.50,2.06,2.5,1.68
347,Montrose  FC Edinburgh,1.69,3.85,4.20,2.06,2.5,1.68
348,Kelty Hearts  Airdrieonians,3.30,3.60,1.96,2.03,2.5,1.71
349,Dunfermline  Peterhead,1.28,5.15,8.75,5,2.5,1.57
350,Utakmica,1,X,2,,2.5,i
351,Elgin  Annan Athletic,2.30,3.40,2.80,1.96,2.5,1.75
352,East Fife  Stirling Albion,2.50,3.25,2.55,1.78,2.5,1.89
353,Forfar Athletic  Dumbarton,3.25,3.40,2.01,1.91,2.5,1.77
354,Stranraer  Albion Rovers,2.01,3.45,3.25,1.95,2.5,1.73
355,Bonnyrigg Rose  Stenhousemuir,2.18,3.35,2.95,1.92,2.5,1.76
356,Utakmica,1,X,2,,2.5,i
357,RC Arbaa  El Bayadh,2.05,3.05,3.55,1.47,2.5,2.45
358,Biskra  Magra,1.75,3.20,4.60,1.46,2.5,2.45
359,Utakmica,1,X,2,,2.5,i
360,ASM Oran  MC Saida,1.70,3.20,4.85,.25,2.5,4.40
361,Temouchent  RC Kouba,1.45,3.70,6.75,.19,2.5,4.20
362,MO Constantine  Skikda,1.43,3.65,6.25,.07,2.5,3.85
363,Utakmica,1,X,2,,2.5,i
364,ES Setif U21  MO Constantine U21,3.05,3.35,2.09,.77,2.5,3.00
365,Utakmica,1,X,2,,2.5,i
366,Barracas Central  Gimnasia LP,2.65,3.10,2.70,1.61,2.5,2.35
367,Utakmica,1,X,2,,2.5,i
368,Ararat Armenia  BKMA Yerevan,1.15,5.80,14.8,1,2.5,1.60
369,Ararat Yerevan  FC Urartu,2.75,3.05,2.40,1.65,2.5,2.02
370,Shirak  Lernayin Artsakh,2.55,2.85,2.55,1.52,2.5,2.21
371,Pyunik Yerevan  Alashkert,2.14,3.00,3.30,1.55,2.5,2.19
372,FC Van  Noah,1.52,3.85,5.25,2.09,2.5,1.61
373,Utakmica,1,X,2,,2.5,i
374,Sydney Utd  Macarthur FC,11.8,5.85,1.20,5,2.5,1.53
375,Utakmica,1,X,2,,2.5,i
376,Sabail  Qabala,3.55,3.15,2.00,1.62,2.5,2.12
377,Turan Tovuz  Zira,2.25,3.10,2.95,1.63,2.5,2.09
378,Qarabag  Neftchi Baku,1.49,3.80,5.80,1.83,2.5,1.81
379,Shamakhi FK  Sabah FC,4.50,3.45,1.70,1.75,2.5,1.93
380,Sumqayıt  Kapaz,2.14,3.15,3.10,1.66,2.5,2.01
381,Utakmica,1,X,2,,2.5,i
382,Real Santa Cruz  Tomayapo,1.93,3.25,3.55,1.85,2.5,1.79
383,Guabira  Jorge Wilstermann,1.80,3.25,4.15,1.70,2.5,1.95
384,Nacional Potosi  Royal Pari,1.41,4.10,6.25,2.14,2.5,1.58
385,Aurora  Atletico Palmaflor,2.35,3.15,2.70,1.82,2.5,1.81
386,Bolivar  Independiente Petroleros,1.11,6.50,16.3,0,2.5,1.40
387,Universitario De Vinto  Always Ready,3.00,3.30,2.11,2.03,2.5,1.65
388,The Strongest  Un. de Sucre,1.09,7.25,17.5,0,2.5,1.31
389,Oriente Petrolero  Blooming,1.91,3.40,3.45,2.03,2.5,1.65
390,Utakmica,1,X,2,,2.5,i
391,Velež  NK Posušje,1.63,3.40,5.05,1.60,2.5,2.10
392,Tuzla City  Sarajevo,2.30,3.10,2.95,1.62,2.5,2.12
393,Zrinjski  Sloboda Tuzla,1.19,5.25,12.5,4,2.5,1.71
394,Utakmica,1,X,2,,2.5,i
395,Tombense  Gremio Novorizontino,2.75,2.80,2.70,1.39,2.5,2.80
396,Vasco da Gama  Londrina,1.70,3.25,5.75,1.45,2.5,2.60
397,Utakmica,1,X,2,,2.5,i
398,Arda  Hebar,1.45,4.00,7.00,1.75,2.5,2.00
399,Septemvri Sofia  Spartak Varna,1.61,3.60,5.00,1.75,2.5,1.93
400,Cerno More  Botev Vratsa,1.32,4.45,8.50,6,2.5,1.81
401,Botev Plovdiv  Slavia Sofia,1.90,3.25,3.80,1.64,2.5,2.08
402,Lokomotiv Sofia  Ludogorets,6.75,4.40,1.37,2.10,2.5,1.63
403,Lokomotiv Plovdiv  CSKA 1948 Sofia,2.95,3.15,2.25,1.65,2.5,2.06
404,CSKA Sofia  Pirin B.,1.27,4.95,9.25,9,2.5,1.64
405,Beroe  Levski Sofia,5.30,3.60,1.59,1.68,2.5,2.02
406,Utakmica,1,X,2,,2.5,i
407,Cobreloa  Magallanes,2.07,3.10,3.55,1.53,2.5,2.35
408,Utakmica,1,X,2,,2.5,i
409,Santa Fe  Atl. Nacional,2.60,3.15,2.60,1.69,2.5,2.05
410,Utakmica,1,X,2,,2.5,i
411,Santos Guápiles  Perez Zeledon,2.12,3.35,2.95,2.04,2.5,1.64
412,Sporting San Jose  San Carlos,2.11,3.35,3.00,2.00,2.5,1.67
413,Utakmica,1,X,2,,2.5,i
414,Varazdin  Istra 1961,1.96,3.40,3.65,1.86,2.5,1.88
415,Osijek  Lokomotiva Z.,1.84,3.45,3.95,1.85,2.5,1.85
416,Dinamo Zagreb  Slaven Belupo,1.18,5.85,13.8,1,2.5,1.59
417,Rijeka  Hajduk Split,4.25,3.60,1.77,2.00,2.5,1.75
418,Sibenik  HNK Gorica,2.60,3.20,2.55,1.77,2.5,1.95
419,Utakmica,1,X,2,,2.5,i
420,Mlada Boleslav  Sigma Olomouc,2.16,3.35,3.15,1.93,2.5,1.81
421,Banik Ostrava  C. Budejovice,1.70,3.75,4.55,2.08,2.5,1.70
422,Bohemians 1905  Plzen,3.60,3.35,2.00,1.86,2.5,1.88
423,Sparta P.  Hradec Kralove,1.47,4.05,6.50,1.97,2.5,1.78
424,Zlin  FC Slovacko,3.35,3.35,2.08,1.90,2.5,1.83
425,Jablonec  Brno,1.79,3.65,4.10,2.08,2.5,1.70
426,Teplice  Pardubice,1.98,3.35,3.65,1.86,2.5,1.88
427,Slavia P.  Liberec,1.23,5.60,11.8,5,2.5,1.55
428,Utakmica,1,X,2,,2.5,i
429,Dukla P.  Vysocina Jihlava,1.97,3.25,3.50,1.80,2.5,1.87
430,Pribram  Sigma Olomouc (B),1.64,3.60,4.75,1.90,2.5,1.77
431,Opava  Taborsko,1.77,3.40,4.20,1.80,2.5,1.87
432,Trinec  Chrudim,1.97,3.35,3.45,1.90,2.5,1.78
433,Lisen  Karvina,2.02,3.30,3.35,1.89,2.5,1.78
434,Prostějov  Sparta P. (B),2.30,3.30,2.75,1.95,2.5,1.74
435,Slavia P. (B)  Vyskov,3.00,3.30,2.16,1.90,2.5,1.78
436,Varnsdorf  Vlasim,1.71,3.55,4.35,1.92,2.5,1.76
437,Utakmica,1,X,2,,2.5,i
438,Aalborg  Odense,2.12,3.50,3.15,2.00,2.5,1.75
439,Midtjylland  Viborg,1.72,3.80,4.30,2.12,2.5,1.67
440,Silkeborg  Horsens,1.75,3.65,4.35,1.93,2.5,1.81
441,Brondby  Lyngby,1.68,3.85,4.80,2.04,2.5,1.79
442,FC Kobenhavn  Aarhus AGF,1.70,3.75,4.70,1.96,2.5,1.85
443,Nordsjaelland  Randers,2.10,3.60,3.20,2.12,2.5,1.73
444,Utakmica,1,X,2,,2.5,i
445,Hobro  Fremad Amager,2.13,3.35,3.20,1.89,2.5,1.85
446,Hvidovre  Vejle,2.85,3.45,2.30,2.04,2.5,1.73
447,Vendsyssel  Helsingor,3.00,3.50,2.18,2.11,2.5,1.68
448,Nykobing  SonderjyskE,6.25,4.45,1.43,2.35,2.5,1.56
449,Naestved  Hillerod Fodbold,1.65,3.90,4.70,2.17,2.5,1.64
450,HB Koge  Fredericia,2.13,3.60,3.00,2.30,2.5,1.58
451,Utakmica,1,X,2,,2.5,i
452,America de Quito  Imbabura,2.40,2.95,2.95,1.49,2.5,2.40
453,Utakmica,1,X,2,,2.5,i
454,TPS  KPV,1.30,4.75,7.50,5,2.5,1.49
455,JaPS  Jaro,4.55,4.15,1.57,2.60,2.5,1.42
456,PIF Parainen  SJK Akatemia,4.45,3.95,1.61,2.30,2.5,1.52
457,PK-35 Vantaa  Gnistan,2.30,3.55,2.70,2.45,2.5,1.48
458,MP Mikkelin  PePo Lappeenranta,1.87,3.80,3.45,2.40,2.5,1.51
459,Utakmica,1,X,2,,2.5,i
460,Inter Turku II  PIF Parainen II,1.08,7.50,11.0,,2.5,1.26
461,TP-T  NoPS,2.90,3.70,1.88,.38,2.5,1.95
462,FC Melody  TPV,11.3,8.00,1.07,,2.5,1.18
463,LePa  EIF Academy,5.60,5.35,1.28,.11,2.5,1.33
464,Atlantis II  Valtti,1.20,5.70,7.00,,2.5,1.42
465,Toolon Taisto  MPS Helsinki,2.65,3.65,2.02,.38,2.5,1.95
466,Utakmica,1,X,2,,2.5,i
467,Lamia  Levadiakos,2.21,2.85,3.50,1.46,2.5,2.50
468,Asteras T.  OFI,1.91,3.05,4.20,1.56,2.5,2.25
469,Olympiakos  Atromitos,1.29,4.65,10.3,7,2.5,1.75
470,Volos NFC  Aris,3.50,3.00,2.13,1.59,2.5,2.21
471,PAOK  Panathinaikos,2.45,2.85,3.00,1.50,2.5,2.45
472,Giannina PAS  Panaitolikos,2.30,2.90,3.25,1.54,2.5,2.30
473,AEK  Ionikos,1.19,5.65,14.0,9,2.5,1.60
474,Utakmica,1,X,2,,2.5,i
475,Bali United Pusam  PS TIRA-Persikabo,1.40,4.20,7.25,1.83,2.5,1.88
476,Utakmica,1,X,2,,2.5,i
477,Ironi K. Shmona  Hapoel Haifa,2.22,3.30,3.00,1.73,2.5,1.99
478,Ashdod  Hapoel Hadera,1.96,3.45,3.45,1.86,2.5,1.85
479,Maccabi Netanya  Hapoel B. Sheva,2.90,3.35,2.30,1.89,2.5,1.85
480,Maccabi Haifa  Maccabi T.A.,2.20,3.45,3.00,2.01,2.5,1.75
481,Bnei Sakhnin  Sektzia Nes Tziona,1.56,3.80,5.45,1.78,2.5,1.93
482,Hapoel T.A.  Hapoel Jerusalem,2.03,3.30,3.45,1.70,2.5,2.04
483,Beitar J.  Maccabi Bnei Raina,1.95,3.45,3.65,1.88,2.5,1.86
484,Utakmica,1,X,2,,2.5,i
485,Fukuoka  Vissel Kobe,2.90,3.10,2.55,1.60,2.5,2.35
486,Cerezo Osaka  Shonan Bellmare,1.99,3.40,3.85,1.76,2.5,2.07
487,Kashima Antlers  FC Tokyo,1.96,3.50,3.80,1.88,2.5,1.93
488,Sagan Tosu  Kyoto Sanga,2.01,3.40,3.80,1.76,2.5,2.07
489,Hiroshima  Urawa Reds,2.22,3.35,3.25,1.82,2.5,2.00
490,Gamba Osaka  Kashiwa,2.80,3.40,2.45,1.90,2.5,1.91
491,Sapporo  Kawasaki F.,4.00,3.85,1.83,2.30,2.5,1.64
492,Nagoya  Yokohama FM,3.55,3.60,2.01,2.02,2.5,1.80
493,Utakmica,1,X,2,,2.5,i
494,Mont.Yamagata  Albirex Niigata,3.00,3.30,2.35,1.82,2.5,2.00
495,Kofu  Tochigi SC,2.35,2.90,3.35,1.46,2.5,2.75
496,Thespakusatsu Gunma  Omiya,2.70,3.05,2.70,1.61,2.5,2.35
497,Tokus. Vortiis  Machida Zelvia,2.30,3.00,3.40,1.51,2.5,2.55
498,Ryukyu  Yokohama FC,3.85,3.25,2.00,1.68,2.5,2.20
499,Oita  V-Varen Nagasaki,2.02,3.30,3.75,1.72,2.5,2.13
500,Roasso Kumamoto  Blaublitz Akita,1.75,3.30,5.20,1.55,2.5,2.45
501,Sendai  Tokyo Verdy,2.21,3.45,3.10,1.99,2.5,1.82
502,Mito Hollyhock  JEF United,2.55,3.00,2.95,1.53,2.5,2.55
503,Renofa Yamaguchi  Grulla Morioka,2.13,3.30,3.40,1.80,2.5,2.02
504,Zweigen Kanazawa  Okayama,3.85,3.35,1.95,1.78,2.5,2.05
505,Utakmica,1,X,2,,2.5,i
506,Puebla  Club America,3.20,3.40,2.12,1.98,2.5,1.77
507,Juarez  Pumas UNAM,2.05,3.35,3.45,1.86,2.5,1.88
508,Utakmica,1,X,2,,2.5,i
509,Atl. Morelia  Tepatitlan de Morelos,1.62,3.65,5.10,1.78,2.5,1.93
510,CD Tapatio  Venados Merida,2.25,3.10,3.10,1.60,2.5,2.20
511,CA La Paz  Alebrijes Oaxaca,2.50,3.05,2.80,1.56,2.5,2.30
512,Utakmica,1,X,2,,2.5,i
513,Tromso  Molde,3.20,3.60,2.10,2.20,2.5,1.71
514,Valerenga  Stromsgodset,1.65,4.20,4.70,2.60,2.5,1.51
515,Lillestrom  Bodo/Glimt,3.05,3.60,2.15,2.20,2.5,1.68
516,Aalesunds  Viking,2.65,3.55,2.45,2.19,2.5,1.68
517,Ham Kam  Jerv,1.36,4.90,7.50,2.50,2.5,1.54
518,Haugesund  Odds BK,1.95,3.65,3.65,2.14,2.5,1.72
519,Sandefjord  Sarpsborg 08,3.30,3.90,1.96,2.70,2.5,1.47
520,Kristiansund  Rosenborg,3.75,3.85,1.87,2.35,2.5,1.60
521,Utakmica,1,X,2,,2.5,i
522,Brann  Stjordals Blink,1.03,10.0,16.8,25,2.5,-
523,Bryne  Skeid,2.00,3.60,3.20,2.30,2.5,1.55
524,Fredrikstad  Mjondalen,1.86,3.75,3.55,2.45,2.5,1.48
525,Grorud IL  Raufoss,3.45,3.90,1.84,2.45,2.5,1.49
526,Kongsvinger  Sogndal,2.13,3.70,2.85,2.50,2.5,1.47
527,Ranheim  Sandnes,1.89,3.90,3.30,2.85,2.5,1.38
528,Stabaek  Asane,1.23,5.80,8.50,5,2.5,1.33
529,Start  KFUM Oslo,1.90,3.75,3.40,2.40,2.5,1.51
530,Utakmica,1,X,2,,2.5,i
531,3 de Febrero  Sportivo Iteno,1.51,3.80,5.50,1.87,2.5,1.77
532,Utakmica,1,X,2,,2.5,i
533,Sporting C.  ADT Tarma,1.25,5.30,8.25,0,2.5,1.28
534,Atletico Grau  Sport Boys A.,1.52,3.65,6.00,1.78,2.5,1.90
535,FBC Melgar  Deportivo Binacional,1.33,4.60,10.5,9,2.5,1.81
536,Carlos Manucci  Ayacucho,1.80,3.30,4.15,1.81,2.5,1.86
537,Utakmica,1,X,2,,2.5,i
538,Radomiak Radom  Cracovia Krakow,2.40,3.10,3.10,1.60,2.5,2.35
539,Wisla Plock  Piast Gliwice,2.35,3.35,2.90,1.87,2.5,1.95
540,Gornik Zabrze  Zaglebie Lubin,2.15,3.45,3.20,1.95,2.5,1.87
541,Lech P.  Legia,1.91,3.50,3.85,1.88,2.5,1.93
542,Pogon Szczecin  Lechia Gdansk,1.75,3.80,4.50,2.09,2.5,1.75
543,Miedz Legnica  Stal Mielec,2.00,3.55,3.55,2.00,2.5,1.85
544,Jagiellonia B.  Korona Kielce,1.60,3.90,5.35,1.98,2.5,1.85
545,Widzew Lodz  Rakow Cz.,4.75,3.75,1.70,1.94,2.5,1.87
546,Slask Wroclaw  Warta Poznan,2.35,3.15,3.10,1.66,2.5,2.24
547,Utakmica,1,X,2,,2.5,i
548,Dundalk  Drogheda Utd,1.39,4.55,7.50,2.07,2.5,1.77
549,St. Patrick's  Derry City,2.85,3.35,2.40,1.81,2.5,2.02
550,Bohemians D.  UCD,1.36,4.70,8.25,2.09,2.5,1.75
551,Finn Harps  Shelbourne,2.80,3.25,2.50,1.71,2.5,2.16
552,Sligo Rovers  Shamrock,3.95,3.45,1.91,1.76,2.5,2.07
553,Utakmica,1,X,2,,2.5,i
554,Treaty United  Galway FC,4.80,3.45,1.66,1.85,2.5,1.82
555,Athlone Town  Longford Town,4.80,3.85,1.59,2.30,2.5,1.52
556,Waterford FC  Cobh Ramblers,1.22,5.60,10.3,0,2.5,1.36
557,Wexford FC  Bray Wanderers,1.82,3.40,3.90,1.97,2.5,1.72
558,Utakmica,1,X,2,,2.5,i
559,Concordia Chiajna  Universitatea Cluj,3.50,2.85,2.04,1.39,2.5,2.55
560,Viitorul Tg. Jiu  Dinamo Bucuresti,3.00,3.15,2.25,1.65,2.5,2.05
561,Utakmica,1,X,2,,2.5,i
562,Spartak M.  Zenit,4.10,3.80,1.75,2.16,2.5,1.67
563,Utakmica,1,X,2,,2.5,i
564,Novi Pazar  Mladost Lučani,1.40,4.20,6.25,1.99,2.5,1.67
565,TSC Bačka Topola  Radnik Surdulica,1.38,4.30,6.50,2.03,2.5,1.64
566,Javor Ivanjica  Voždovac,2.30,3.35,2.70,1.92,2.5,1.73
567,Napredak Krusevac  Kolubara,2.07,3.30,3.10,1.78,2.5,1.85
568,Spartak Subotica  Radnicki 1923,2.40,3.05,2.75,1.58,2.5,2.15
569,Partizan  Vojvodina,1.41,4.10,6.25,1.90,2.5,1.74
570,Čukarički  Radnički Niš,1.55,3.85,5.00,1.96,2.5,1.69
